shop_id,price
shop_4,32.1177525403
shop_3,30.7113695887
shop_3,31.5726068851
shop_4,34.543839934699996
shop_4,47.205824496999995
shop_3,32.0707335566
shop_6,66.3239347293
shop_6,34.5978993056
shop_6,31.9433347652
shop_3,41.5241350735
shop_3,37.0716105129
shop_3,32.9077140808
shop_6,34.9166666667
shop_4,35.5818203788
shop_4,38.659845931599996
shop_2,30.0
shop_4,32.8982788516
shop_4,34.5820745217
shop_2,31.9041450777
shop_4,33.2058184533
shop_4,30.2100835731
shop_6,34.6933695094
shop_2,30.7950310559
shop_3,34.9812952811
shop_4,32.80553552
shop_4,35.409007041500004
shop_4,31.0946088009
shop_6,35.8660693578
shop_4,42.0546873576
shop_4,32.928867895500005
shop_3,30.0
shop_6,32.7939585807
shop_5,32.8452077259
shop_1,30.0
shop_6,47.08093007260001
shop_4,35.0715636138
shop_3,35.1536043631
shop_4,99.1699724641
shop_4,46.045608175299996
shop_4,30.0
shop_4,35.7698370052
shop_4,34.9522970824
shop_3,35.6529444399
shop_6,30.955378486100006
shop_3,34.8153138807
shop_4,38.762588513000004
shop_1,32.6534635225
shop_6,35.892906081999996
shop_4,35.000345638
shop_6,35.003414264
shop_4,31.7733969127
shop_3,34.7078614581
shop_6,30.0
shop_4,30.781432792600004
shop_4,33.5097192225
shop_4,45.2497747932
shop_6,37.6177362006
shop_4,102.23009294100001
shop_4,35.9283148133
shop_4,30.0077187542
shop_4,36.5253323831
shop_4,30.862761823499998
shop_3,30.926084491100006
shop_2,31.5259259259
shop_4,65.346760727
shop_4,30.0
shop_6,62.5636363636
shop_3,35.002463113699996
shop_4,36.687620421
shop_4,55.0009296791
shop_4,33.6706428098
shop_4,31.511576783800002
shop_4,31.723677799
shop_3,32.4425698813
shop_4,46.236436718
shop_3,33.3351655718
shop_4,30.7110015175
shop_4,34.7429718876
shop_4,38.7972299684
shop_6,31.5551196548
shop_4,33.6469464329
shop_3,30.0
shop_4,34.8625523742
shop_6,30.2662632375
shop_5,31.4320383146
shop_4,30.0
shop_4,35.635784234
shop_4,37.6748071722
shop_4,74.38285141829998
shop_4,61.7738729418
shop_4,35.0512469438
shop_4,33.037358813000004
shop_3,96.4961941009
shop_5,53.4766096039
shop_6,30.0
shop_6,31.240464763800002
shop_4,31.6467506725
shop_4,43.1941200634
shop_4,47.999268836700004
shop_4,34.5329227159
shop_4,30.0
shop_4,55.9302570937
shop_4,34.4391650331
shop_2,34.7713266034
shop_6,32.7653301887
shop_6,31.5253198981
shop_6,30.0
shop_4,33.9531052985
shop_3,55.686886477799995
shop_4,75.7075904381
shop_5,37.2446914565
shop_6,35.029365538899995
shop_3,34.4576062179
shop_4,34.7314739239
shop_4,69.588821716
shop_3,88.20925968370001
shop_3,30.995189969200002
shop_4,44.60422928
shop_4,34.8919456414
shop_6,37.425440074099996
shop_3,38.1205613273
shop_4,30.0
shop_4,33.8071432742
shop_6,109.538933031
shop_3,35.039607496900004
shop_4,34.579266316100004
shop_4,43.5011090991
shop_2,33.0272202889
shop_3,34.9979084397
shop_3,30.9965198439
shop_4,56.4368863879
shop_5,30.0
shop_6,35.0997439608
shop_3,33.1293103448
shop_6,31.5341614907
shop_4,33.7661620186
shop_4,54.8547602012
shop_3,35.0
shop_5,59.8864625003
shop_6,34.0731197109
shop_4,65.257928151
shop_4,93.4735921697
shop_3,30.9027431421
shop_5,32.4549206863
shop_3,30.0
shop_4,48.496665471499995
shop_4,56.5961964012
shop_6,30.0
shop_4,34.502576558
shop_6,30.7537879971
shop_3,31.4055479586
shop_6,34.9987375508
shop_4,41.0006968437
shop_3,34.2963729899
shop_4,105.157120506
shop_4,30.0
shop_4,47.606631610600004
shop_6,69.4530319929
shop_4,33.8487669015
shop_4,30.0
shop_3,30.0
shop_3,35.1823722771
shop_6,37.1298351359
shop_6,33.4733474371
shop_4,30.0
shop_6,41.9408082952
shop_3,30.108418549499998
shop_6,56.9141518233
shop_6,30.0
shop_3,30.9739834741
shop_3,50.6449094438
shop_6,34.1959221543
shop_6,32.9268292683
shop_6,34.848132918400005
shop_4,31.3523657143
shop_4,31.202702502399998
shop_5,32.3923815423
shop_2,30.0
shop_1,31.2859780305
shop_6,34.9897119342
shop_4,30.0
shop_4,37.788480904800004
shop_6,30.9154929577
shop_4,59.5362211083
shop_4,33.174606317
shop_4,34.440187064899995
shop_4,40.1075077461
shop_6,35.0
shop_6,30.0
shop_4,38.9769147544
shop_4,40.364361615199996
shop_4,30.0
shop_2,30.0
shop_4,31.005501883
shop_6,58.5700521879
shop_6,66.4705050269
shop_4,30.0
shop_5,31.5476150543
shop_4,33.7412191043
shop_6,46.2746666667
shop_4,90.7526553358
shop_6,31.5942857143
shop_1,30.0
shop_4,30.196122994699998
shop_6,34.895444361500005
shop_3,33.3079963217
shop_6,91.7625827815
shop_6,32.8283219967
shop_4,37.1265731751
shop_4,30.0
shop_4,35.0
shop_4,32.1982905983
shop_4,32.6137156068
shop_3,35.0274169567
shop_4,35.1271978817
shop_4,33.7517702902
shop_2,30.0
shop_4,38.0542916573
shop_4,32.6155036793
shop_2,30.0
shop_3,35.0
shop_4,44.7744625967
shop_3,34.9054477145
shop_4,37.7449939857
shop_4,95.8572963662
shop_4,165.245981234
shop_4,35.0166435087
shop_4,30.917093794299998
shop_3,30.519232034499996
shop_4,32.3674651346
shop_4,54.93429429020001
shop_3,30.0
shop_4,38.499049319
shop_4,46.7893313723
shop_4,40.8602653477
shop_4,40.912718012
shop_6,30.0
shop_6,34.4116724192
shop_3,35.3837042766
shop_6,37.5474294414
shop_6,47.5290480495
shop_3,33.573529411799996
shop_4,35.2043182445
shop_3,32.991017964099996
shop_1,30.0
shop_4,34.5358333333
shop_4,30.584337551199997
shop_6,35.3212984676
shop_4,35.882045929
shop_4,34.6166750374
shop_4,67.892206775
shop_4,30.0
shop_3,30.0
shop_4,149.943063573
shop_3,35.2968898547
shop_4,31.3244939812
shop_4,35.327417634
shop_4,50.3734629257
shop_3,30.8202954534
shop_1,35.0
shop_4,108.50576171799999
shop_2,30.0
shop_4,34.6355661882
shop_4,30.0
shop_3,35.8229333944
shop_4,31.441782217300002
shop_6,45.7427820499
shop_4,36.993532022800004
shop_1,33.5346779682
shop_4,43.477367773699996
shop_6,38.2001623398
shop_4,32.3138558252
shop_3,37.4705961254
shop_4,33.6170076726
shop_4,34.9834425622
shop_3,91.81938834389999
shop_4,77.6272067009
shop_4,36.1148838266
shop_6,30.897589373600002
shop_4,54.552041225699995
shop_4,34.330593913
shop_2,30.0
shop_6,33.8288788048
shop_4,43.19430380470001
shop_3,36.0967445359
shop_5,32.8832089377
shop_4,68.7180650473
shop_3,33.8440076815
shop_4,34.1463603585
shop_4,34.5983591719
shop_6,71.0068890104
shop_3,32.3937973981
shop_4,31.301430005
shop_4,35.3697405712
shop_4,40.488050598600005
shop_6,32.483930949
shop_4,30.0
shop_4,46.3095177794
shop_4,30.0
shop_4,30.504570806900002
shop_3,32.0404345202
shop_4,30.0
shop_4,50.679258536199995
shop_6,33.6187845304
shop_4,66.7099089916
shop_6,30.637467180399998
shop_4,34.570691138499996
shop_6,30.784862305300003
shop_4,92.135944598
shop_4,35.6003232272
shop_6,200.0
shop_3,34.9670245142
shop_4,30.0
shop_5,36.6849985188
shop_3,30.999253174
shop_4,35.118789976799995
shop_6,30.0
shop_4,35.9811161005
shop_3,30.8787646722
shop_4,32.1099139979
shop_3,33.1213442089
shop_4,30.2331232381
shop_4,37.8742349749
shop_3,35.0
shop_4,152.643795674
shop_4,35.2237009713
shop_4,31.5450718456
shop_4,81.51674506399999
shop_3,33.0998258073
shop_4,30.020563280700003
shop_3,32.9982698962
shop_6,35.0
shop_4,30.0
shop_3,34.967933884299995
shop_4,58.199132649
shop_4,34.6366624541
shop_4,37.6577542519
shop_4,35.676017884699995
shop_5,33.0345679012
shop_4,40.7320913462
shop_4,30.0
shop_4,70.1203240758
shop_4,40.3007966926
shop_6,30.0
shop_1,42.3480807369
shop_3,43.9550614102
shop_6,35.0664375716
shop_6,54.114938617
shop_4,32.0126039501
shop_6,35.286439051100004
shop_2,30.0
shop_4,48.41954729770001
shop_4,60.1762103071
shop_3,30.701472055900002
shop_6,30.0
shop_2,30.0
shop_4,32.4522182127
shop_3,38.1839331487
shop_3,34.7358266441
shop_4,34.6726190476
shop_6,82.9127950543
shop_4,31.066377740700002
shop_3,34.5774831932
shop_4,86.6958555561
shop_3,31.8799751244
shop_4,31.275484643899997
shop_4,51.6608551905
shop_5,33.1732590756
shop_3,35.7713749868
shop_4,33.3807015419
shop_3,67.1369098945
shop_6,30.0
shop_4,42.3533935592
shop_2,30.0
shop_4,33.5564889746
shop_3,34.0039994854
shop_6,30.0
shop_4,32.842565931399996
shop_2,30.6038433112
shop_3,30.7781999836
shop_1,30.9536932215
shop_3,35.1704676879
shop_4,34.3290708967
shop_4,37.8166401027
shop_3,111.51844959799999
shop_4,89.2326471996
shop_6,33.8550552923
shop_3,34.4338857539
shop_3,51.4713226759
shop_4,30.0
shop_6,45.6942987392
shop_3,30.794512187800002
shop_6,30.0
shop_4,42.0132792087
shop_5,35.0
shop_6,33.4107982837
shop_3,33.2028528923
shop_3,30.0
shop_4,64.1868714801
shop_4,52.96017724479999
shop_4,30.0880395946
shop_4,42.121413268699996
shop_4,38.112159436599995
shop_3,33.5652395815
shop_4,34.8911593538
shop_1,45.6406651596
shop_4,32.0376702173
shop_3,30.0
shop_4,33.473151462800004
shop_6,30.513552749400002
shop_4,30.0
shop_4,30.0
shop_4,38.0580860521
shop_3,32.0091709847
shop_4,33.2248936185
shop_6,34.9281030222
shop_3,34.6659148576
shop_6,30.0
shop_4,30.5447848061
shop_3,31.098758644
shop_4,137.869650151
shop_6,31.4610015175
shop_4,46.26141766560001
shop_2,34.514340311
shop_4,34.3206891051
shop_4,107.472751191
shop_2,30.0
shop_4,36.0785461806
shop_4,67.8640557286
shop_4,41.7779189601
shop_4,37.7048364529
shop_3,30.0
shop_3,35.3283477047
shop_4,34.069545366
shop_6,36.5614493836
shop_4,90.009734129
shop_4,30.0
shop_3,32.9015671773
shop_6,30.9266441821
shop_3,34.7223064597
shop_4,38.5298812094
shop_4,53.1408132135
shop_6,30.0
shop_4,30.0022150925
shop_3,34.1987456747
shop_4,30.002564487399997
shop_4,30.0
shop_3,30.0
shop_6,30.0
shop_4,42.98379861340001
shop_6,31.6401504194
shop_2,47.993795024099995
shop_4,35.0455621769
shop_3,34.67210201
shop_4,38.7931048306
shop_4,34.2302052786
shop_6,32.3650534938
shop_4,30.0
shop_4,30.078700963200003
shop_4,31.259725400500002
shop_4,32.1936440678
shop_3,30.0
shop_4,30.0
shop_4,75.3612583937
shop_4,34.6230824692
shop_4,34.400318714499996
shop_6,35.8534842342
shop_6,33.7594959758
shop_3,33.1652856692
shop_4,34.7694008085
shop_4,36.1079981647
shop_4,30.0
shop_3,34.960547735300004
shop_6,35.3131297742
shop_4,35.245528086
shop_6,30.0
shop_6,31.3595338395
shop_4,66.7262269151
shop_3,35.0620687059
shop_4,34.8905263158
shop_6,32.963209641599995
shop_6,33.2040609137
shop_3,33.566777086500004
shop_4,76.401686699
shop_3,35.1613544664
shop_4,41.1459807336
shop_4,42.798534035
shop_4,38.5277738766
shop_3,35.0
shop_3,30.0
shop_4,69.1273455955
shop_6,30.0
shop_4,30.0
shop_6,34.6052631579
shop_3,30.0
shop_4,33.4204988622
shop_4,32.261137006599995
shop_2,34.9176225235
shop_4,37.1651735962
shop_4,35.0052587641
shop_4,31.5955576199
shop_4,112.363889394
shop_4,32.041839144499995
shop_2,33.88324428
shop_4,30.0
shop_3,35.8731330093
shop_4,37.7695721957
shop_6,187.44513509
shop_4,35.8342330625
shop_4,30.236842105300003
shop_4,48.2606084858
shop_4,31.2916501781
shop_4,60.4646770322
shop_6,36.5747800587
shop_2,31.535978835999998
shop_4,33.992384093000005
shop_4,48.3106889891
shop_4,34.4558161573
shop_4,36.4105840132
shop_4,129.04217729
shop_4,52.4253026045
shop_6,32.2867900413
shop_6,34.4462203557
shop_1,30.0
shop_4,34.9898725907
shop_4,52.08804654229999
shop_4,34.293479988200005
shop_2,30.0
shop_4,46.194677739
shop_4,33.096202875900005
shop_3,34.8441970074
shop_6,30.0
shop_6,205.052944354
shop_4,34.7565154507
shop_4,32.6303927017
shop_6,32.4099308099
shop_3,34.9962880475
shop_6,182.578292244
shop_3,30.3634220998
shop_4,35.4659765634
shop_4,32.811244979899996
shop_4,41.9382724827
shop_4,37.0243809107
shop_4,30.6970397396
shop_2,30.0
shop_4,34.3357349773
shop_5,36.8277509979
shop_6,34.0514687422
shop_3,33.4770050477
shop_3,35.0
shop_4,36.6267016957
shop_3,30.0
shop_3,35.3673267327
shop_4,31.0923566879
shop_4,38.7418104674
shop_4,65.8097649485
shop_3,31.889756097600003
shop_6,46.0022178735
shop_6,30.0
shop_4,33.5582459591
shop_6,32.1284572833
shop_3,30.9839722185
shop_2,31.663803545900002
shop_3,34.7608214275
shop_4,32.9619227441
shop_4,34.820415320100004
shop_6,33.1370681143
shop_3,40.5959235291
shop_4,30.8884780586
shop_4,30.030801234899997
shop_6,34.74178403760001
shop_4,30.0
shop_3,34.5627178043
shop_2,30.7942857143
shop_6,128.327537181
shop_6,35.0
shop_4,34.392010346300005
shop_6,51.982410577299994
shop_5,30.970187691
shop_3,34.9087834477
shop_3,30.0
shop_4,31.0256290918
shop_4,36.3108796444
shop_3,30.0
shop_4,30.8839119222
shop_4,36.469010981
shop_6,35.0063887021
shop_2,30.0
shop_6,45.337925445699994
shop_3,35.2941878881
shop_6,34.6514086631
shop_6,35.0
shop_3,34.608931060399996
shop_4,82.9311187757
shop_3,52.4737861936
shop_4,34.925130816
shop_4,34.289000756
shop_4,69.0103136593
shop_2,32.7684301821
shop_4,68.223900888
shop_5,52.1274427599
shop_2,32.621553090300004
shop_4,59.0359077091
shop_4,40.344921819
shop_3,35.9890625662
shop_4,54.7031824499
shop_3,30.0
shop_3,37.9164246381
shop_5,34.8375678051
shop_4,42.7694274069
shop_4,53.51990198520001
shop_6,38.108111138299996
shop_4,30.0
shop_6,35.9131403118
shop_6,35.0
shop_3,31.2088099188
shop_4,97.9303182523
shop_3,36.2072368421
shop_4,65.16573864
shop_4,123.24560724
shop_4,49.4618448876
shop_3,36.7861120467
shop_4,109.89396643
shop_4,41.778167945999996
shop_6,69.75157147
shop_3,31.129061462600003
shop_3,30.0
shop_4,31.7548027431
shop_4,35.0
shop_6,32.9433480859
shop_5,50.86440051939999
shop_3,36.0880999343
shop_2,30.0
shop_4,33.818904179
shop_6,30.0
shop_3,35.1333268162
shop_6,64.96070449449999
shop_3,33.5657850266
shop_4,108.935280171
shop_6,30.0000394594
shop_4,32.1500487171
shop_6,34.2192675379
shop_4,45.798582281099996
shop_4,35.8117445039
shop_4,32.0301519856
shop_6,30.0
shop_4,30.0193631804
shop_6,30.000506371799997
shop_4,76.7540722296
shop_3,30.0
shop_4,30.0
shop_6,35.0
shop_3,35.2750450494
shop_3,54.6784575679
shop_6,32.977887345
shop_5,35.0
shop_6,34.8959107807
shop_4,59.778904918900004
shop_4,30.0854630963
shop_4,49.951345905299995
shop_6,35.0
shop_5,61.053526677700006
shop_4,47.479549083500004
shop_4,37.4124524806
shop_2,35.0
shop_4,33.668044230999996
shop_6,31.4200199534
shop_4,30.114748411599997
shop_6,34.4149975474
shop_4,49.418997555299995
shop_4,33.9996124031
shop_4,38.8010324408
shop_5,40.0560024728
shop_4,32.365394577800004
shop_6,135.159931347
shop_6,30.0
shop_4,30.3236984381
shop_4,33.9347830886
shop_4,33.978029699699995
shop_6,35.2841147656
shop_2,35.0
shop_3,34.5949568089
shop_3,35.0957327965
shop_1,36.023497524899994
shop_3,30.0
shop_6,30.0
shop_4,30.9027941156
shop_3,37.398224574299995
shop_4,55.9152127553
shop_2,30.0
shop_3,35.7111894636
shop_4,49.474648750600004
shop_4,37.6311875152
shop_3,33.6041300761
shop_2,30.0
shop_6,31.971938775500004
shop_2,35.0
shop_4,33.6797358646
shop_3,41.4295184529
shop_4,30.3212108816
shop_4,32.9623992838
shop_3,91.136541471
shop_6,38.2605447471
shop_6,34.4759615385
shop_3,30.0
shop_4,30.0890595392
shop_3,31.2200216186
shop_4,62.85102029
shop_4,36.2663325056
shop_4,77.6984527239
shop_3,34.8749707328
shop_6,31.7122855582
shop_4,31.6964234621
shop_6,45.763275301899995
shop_6,30.0
shop_5,30.0
shop_4,30.0
shop_5,32.7261526232
shop_4,34.2142555629
shop_4,35.7818736419
shop_3,36.784971682300004
shop_6,117.103531709
shop_4,30.5897547076
shop_4,31.098451780500003
shop_6,37.749500746
shop_3,30.9338483375
shop_6,35.4392752956
shop_3,34.987405527
shop_6,37.048865312
shop_3,35.126735593
shop_4,34.9550389048
shop_4,70.9434273402
shop_6,35.0636244849
shop_6,36.2984615986
shop_3,34.8272628432
shop_3,34.9991818123
shop_3,33.956172487399996
shop_4,41.182760037
shop_4,30.0
shop_4,37.4231221658
shop_6,34.0681664792
shop_3,34.0062611101
shop_3,32.4983637614
shop_4,32.4352864094
shop_3,30.0
shop_3,30.9372164651
shop_4,47.446318696700004
shop_4,88.318359375
shop_3,34.2260502334
shop_4,35.5654538861
shop_6,40.739631336399995
shop_1,33.3283009744
shop_6,35.5465869457
shop_3,35.06746605030001
shop_6,30.1249477394
shop_4,43.892117218100005
shop_4,42.713008119099996
shop_3,34.0169491525
shop_4,33.8202477925
shop_3,34.9003694738
shop_4,34.8239034473
shop_4,42.1373380836
shop_6,30.0
shop_4,42.8426149132
shop_3,30.9692175356
shop_6,34.2909567497
shop_3,35.4547620398
shop_4,34.1247091842
shop_4,33.3594449991
shop_4,33.3902566409
shop_4,34.6279012924
shop_3,31.4163855967
shop_6,72.75430782810001
shop_6,30.117296737399997
shop_4,41.0371160587
shop_4,38.4427517294
shop_6,36.9995001607
shop_3,34.3218249075
shop_5,30.0
shop_4,36.8660043698
shop_3,30.5676894733
shop_5,36.6472256294
shop_4,48.667883328500004
shop_4,36.9540807894
shop_6,44.4408917641
shop_3,38.8033422789
shop_4,66.110765414
shop_6,54.6802164879
shop_3,30.0
shop_4,35.7757853654
shop_4,30.0
shop_2,35.0
shop_4,36.8286649691
shop_4,33.230051543
shop_6,31.4745762712
shop_4,40.379213087
shop_6,32.695709571
shop_4,33.036496703800005
shop_6,33.6878881988
shop_3,30.0
shop_4,44.8781141299
shop_6,32.4915015698
shop_6,162.48276241899998
shop_3,30.2557603687
shop_4,42.2993021288
shop_3,35.2041747356
shop_4,64.6382760409
shop_5,35.084587551599995
shop_1,46.371129266000004
shop_6,34.7702332308
shop_4,38.4792480499
shop_2,73.3266577484
shop_1,43.3221293706
shop_3,34.9857175667
shop_2,30.0
shop_3,34.8926150339
shop_4,30.0
shop_4,42.7600198077
shop_6,33.9886554622
shop_5,30.0
shop_4,40.16705702
shop_3,34.9166713913
shop_6,32.4318489474
shop_6,30.616631821
shop_2,43.0906120543
shop_4,33.475787728
shop_6,31.118510158000003
shop_4,65.3665402567
shop_4,35.5225800305
shop_4,55.3048065651
shop_6,32.5520584346
shop_4,30.8781329398
shop_4,42.1197776926
shop_4,35.7106178073
shop_6,68.3262774234
shop_6,30.0
shop_3,30.9872728761
shop_6,33.951048951
shop_6,32.0078774406
shop_4,64.0452871001
shop_4,67.7349986623
shop_4,30.0
shop_4,33.6887682449
shop_6,34.743832020999996
shop_4,30.990407229499997
shop_6,35.9704787127
shop_4,32.1845344738
shop_3,34.7293729373
shop_4,44.172110445600005
shop_6,30.0
shop_5,47.3105821687
shop_4,30.0
shop_6,35.4819218715
shop_3,32.931158004400004
shop_4,52.083206821400005
shop_4,38.9159541232
shop_4,32.961658841900004
shop_6,33.0093435757
shop_4,47.2637452516
shop_4,41.2573600991
shop_6,31.675123632600002
shop_3,34.9010403677
shop_4,55.372508591099994
shop_6,34.1720541893
shop_6,34.4975490196
shop_2,46.225920501400005
shop_4,40.9563875802
shop_4,35.2830150901
shop_4,54.835514547399995
shop_4,33.6143025258
shop_6,32.7390852391
shop_2,33.4090909091
shop_3,32.6357844642
shop_3,32.0183483371
shop_4,35.906426301799996
shop_3,34.6762864241
shop_1,32.4395675178
shop_4,34.3756537131
shop_4,55.9176209846
shop_6,66.7519376871
shop_5,68.5501185735
shop_2,35.0
shop_6,33.6558398007
shop_6,35.2875151987
shop_4,30.0
shop_3,36.106790828899996
shop_6,30.0
shop_6,32.2211836536
shop_4,35.980743496
shop_3,30.0116752968
shop_4,37.0606382979
shop_4,31.8260205856
shop_4,76.0919522484
shop_3,35.4443287688
shop_6,126.78282828299999
shop_1,34.3456656681
shop_1,46.1542465475
shop_4,52.8276948925
shop_4,63.920277920699995
shop_3,34.0561275875
shop_4,47.2346077492
shop_4,32.7016008809
shop_3,50.014771948500005
shop_6,38.2856638271
shop_6,30.714285714299997
shop_2,30.9615384615
shop_4,31.807321201100002
shop_4,44.774661254799994
shop_6,37.757084969
shop_3,30.6640656356
shop_4,41.9912815098
shop_3,34.618611615700004
shop_3,35.0811582558
shop_4,30.0
shop_6,34.6642843346
shop_6,30.1538461538
shop_4,43.103732516499996
shop_4,49.459835741000006
shop_4,32.5581752947
shop_4,31.2433942483
shop_4,34.888840695700004
shop_4,31.9962520795
shop_4,30.9027207392
shop_4,49.07481754760001
shop_4,88.1977191732
shop_4,38.7638297226
shop_4,36.7288914417
shop_3,30.1377410468
shop_4,32.8276635061
shop_4,40.8745400955
shop_5,32.751891191999995
shop_6,30.0
shop_4,38.7314238721
shop_5,37.6674812425
shop_4,44.6725863129
shop_4,30.172741455100002
shop_4,32.0416068867
shop_4,48.2218949816
shop_5,31.0083102493
shop_4,42.2660352105
shop_3,35.0497436341
shop_1,35.9199465447
shop_6,33.9997411506
shop_4,46.2643594346
shop_6,10.0741122833
shop_4,44.7717334154
shop_3,33.0
shop_4,34.7233172183
shop_4,49.2462036409
shop_4,67.963191805
shop_1,36.0010948106
shop_6,38.8180031338
shop_6,107.73103448299999
shop_4,30.000232605
shop_4,64.9254489729
shop_4,32.5711619874
shop_2,32.3231973965
shop_6,31.0940870297
shop_3,35.6800870784
shop_3,35.0
shop_6,31.281856197
shop_4,38.0194463543
shop_4,58.0766033946
shop_6,34.6089103479
shop_2,41.7843871577
shop_6,35.0115606936
shop_2,30.0
shop_6,34.2057761733
shop_4,35.3948841924
shop_4,33.492106967199994
shop_4,191.36603862099997
shop_4,40.054283987699996
shop_5,30.0
shop_6,37.397206603200004
shop_6,38.3581560284
shop_4,35.0
shop_6,30.0
shop_4,33.7178415369
shop_4,35.861730047600005
shop_3,34.8303127412
shop_2,30.0
shop_4,38.6419996416
shop_6,30.070726915500003
shop_3,33.5757901261
shop_4,146.984372086
shop_3,30.0
shop_4,53.2155620533
shop_4,35.0509959282
shop_4,32.130540503
shop_4,30.0
shop_3,34.6539094567
shop_4,33.8027407987
shop_4,36.632183671199996
shop_6,35.6120661293
shop_3,34.4591653096
shop_4,35.1237566052
shop_4,34.692129629600004
shop_4,56.182858330500004
shop_4,43.6207570102
shop_4,34.796085323
shop_3,30.0
shop_6,32.8963194011
shop_4,30.626911315
shop_3,33.7543608292
shop_4,32.4480915631
shop_6,49.6074718478
shop_4,56.341050316
shop_3,35.143385919800004
shop_3,35.034111976300004
shop_4,30.7185991381
shop_4,43.1068392868
shop_4,68.5474361226
shop_4,50.6377062171
shop_3,32.7581014106
shop_6,41.85955362
shop_3,30.1925394731
shop_4,38.6343152388
shop_3,34.7795569789
shop_6,32.3977846193
shop_6,35.9933774834
shop_4,74.1062332767
shop_4,31.4737451462
shop_3,35.0262799299
shop_3,34.4592243495
shop_3,33.5305651023
shop_4,31.390411503000003
shop_6,31.6889589905
shop_3,35.0
shop_4,31.8886876961
shop_4,32.085457617399996
shop_3,40.0872623786
shop_6,34.9994264411
shop_5,30.0
shop_6,30.0
shop_4,67.8226120567
shop_3,41.7213868003
shop_3,34.5289124668
shop_4,49.9963094528
shop_4,77.0140170927
shop_6,31.2877170279
shop_4,37.8186000361
shop_6,32.466514926
shop_6,33.5471607315
shop_2,30.0
shop_5,32.9359015055
shop_6,41.7578313652
shop_1,31.6365630919
shop_4,32.687371977800005
shop_3,35.7502850244
shop_6,34.990844354000004
shop_3,32.8740617577
shop_6,35.0566600398
shop_5,34.7756478775
shop_3,33.8662835398
shop_4,33.8148434148
shop_4,50.8616867273
shop_4,35.4157727511
shop_6,30.999969956100006
shop_6,35.0
shop_3,30.0
shop_2,32.4602642199
shop_4,46.8276661624
shop_3,33.478953063
shop_4,35.50070014
shop_4,38.0898583347
shop_4,34.9395574905
shop_6,30.4378036929
shop_4,35.776803105
shop_6,34.201402123600005
shop_3,36.0748517488
shop_4,31.1751204307
shop_4,38.336389806999996
shop_4,32.0359746434
shop_4,125.98367755
shop_5,37.2213190143
shop_6,30.389733840300003
shop_4,34.7859375
shop_4,36.8294342127
shop_3,35.0015520411
shop_3,30.5398793468
shop_4,100.483874465
shop_6,42.9214587859
shop_3,34.877167630100004
shop_4,30.0
shop_4,30.0
shop_2,34.083694934
shop_3,33.8611650485
shop_4,33.942687747
shop_6,49.7715293858
shop_4,30.0
shop_4,34.725274725300004
shop_4,42.7580961789
shop_4,33.5738230257
shop_4,30.0
shop_4,24.4408563322
shop_4,34.784027243800004
shop_4,40.1413643265
shop_4,10.0
shop_4,30.0
shop_4,34.0884209592
shop_3,66.9401270033
shop_1,32.3269478869
shop_4,35.1409176689
shop_4,34.7443890274
shop_4,128.291892083
shop_4,34.7918465228
shop_6,202.10468521200002
shop_5,34.0269241229
shop_2,34.927840211100005
shop_4,10.0
shop_1,32.8978889329
shop_4,35.2645401064
shop_4,30.0
shop_4,112.063348562
shop_4,44.8885666205
shop_2,30.0
shop_4,35.0
shop_4,30.0
shop_3,30.9886428166
shop_6,32.1162467805
shop_6,32.5105633803
shop_3,34.7012774655
shop_4,31.5244928987
shop_4,32.4920389093
shop_4,80.8721108048
shop_3,61.3099976778
shop_3,30.766195116
shop_6,37.732013472800006
shop_4,55.363587581400004
shop_6,35.0804851158
shop_3,35.3205382146
shop_6,34.6702779086
shop_4,30.0
shop_6,30.0000886379
shop_3,30.9553072626
shop_4,37.4340958759
shop_4,35.3701651219
shop_3,32.1127713314
shop_2,30.0
shop_4,42.1858745498
shop_4,34.5597472996
shop_6,35.517241379299996
shop_1,34.9942769935
shop_4,44.9306878046
shop_6,30.0
shop_4,33.8830862534
shop_4,68.7415437082
shop_4,49.7149711803
shop_1,32.6193993742
shop_2,74.4561182419
shop_4,126.79628427700001
shop_6,30.0
shop_4,34.3993233777
shop_4,146.63764634
shop_4,43.5306635725
shop_1,31.4878183832
shop_4,38.741534450399996
shop_4,31.7501059771
shop_6,42.3372125076
shop_4,40.0744716538
shop_4,53.554270771000006
shop_4,40.9339036509
shop_6,30.0
shop_6,35.1302211885
shop_1,30.3113884555
shop_2,32.7123287671
shop_4,43.9195199057
shop_3,30.0
shop_4,31.0411007257
shop_5,36.3220605634
shop_4,65.2376146423
shop_4,33.6767791844
shop_4,145.789639229
shop_4,143.97105044100002
shop_1,34.99986905
shop_6,198.0
shop_3,34.9919206835
shop_4,38.643865773499996
shop_4,33.7923315452
shop_4,44.2327341533
shop_4,35.3363667004
shop_4,36.8000316689
shop_4,33.2046197054
shop_6,30.9339569691
shop_4,35.7944501495
shop_6,33.7415254237
shop_6,34.9822221417
shop_4,50.9325372679
shop_4,65.5559892357
shop_4,45.6344658488
shop_6,33.5355511878
shop_3,33.9965123436
shop_4,40.0356242596
shop_4,33.7804921861
shop_4,34.529375154600004
shop_4,33.5565916352
shop_4,30.787776412800003
shop_6,34.3444063183
shop_2,30.0
shop_6,33.6091465171
shop_6,40.1717398812
shop_4,44.9575099731
shop_4,35.078600512
shop_1,34.9777085786
shop_3,44.4793772142
shop_4,35.6798230506
shop_6,70.4209053917
shop_3,30.9204452645
shop_4,32.7385160011
shop_3,35.6944099531
shop_2,72.8751007643
shop_4,32.6063873137
shop_4,32.549159063699996
shop_5,47.5756579595
shop_6,35.3125
shop_2,35.0
shop_4,34.4540749027
shop_6,30.9171646643
shop_4,38.3086559644
shop_4,75.0705151626
shop_4,30.0
shop_4,30.0
shop_4,35.785404865
shop_3,65.6919003795
shop_4,30.0
shop_6,30.032239493400002
shop_4,45.7767990838
shop_6,42.1523862827
shop_3,32.8216783217
shop_4,185.260871861
shop_3,34.4565006244
shop_3,34.9374879785
shop_2,32.093805309699995
shop_4,34.0831008195
shop_6,41.9473665514
shop_3,34.1613212719
shop_6,30.380283464
shop_6,57.7150164752
shop_4,38.2183224271
shop_1,35.807875895
shop_1,70.7506340802
shop_4,30.819940450700003
shop_4,34.7987971929
shop_4,46.2831668566
shop_4,42.111675843600004
shop_4,34.0745833772
shop_6,30.0150896722
shop_4,44.9923390983
shop_4,43.169044378900004
shop_5,34.4104310308
shop_6,54.763533289399994
shop_4,55.9705084525
shop_3,30.965716636
shop_4,30.0
shop_6,172.780874412
shop_2,30.0
shop_4,34.941969299899995
shop_4,35.0828227765
shop_4,43.8708652654
shop_4,77.84401828520001
shop_3,34.6363711089
shop_4,30.0
shop_3,42.120632208
shop_4,30.9739098579
shop_4,72.45285171430001
shop_4,41.716255144
shop_6,30.7029535865
shop_5,82.0147266808
shop_4,37.6538050405
shop_4,30.0
shop_3,31.2421482412
shop_4,30.0
shop_4,54.7820783711
shop_6,31.2595178821
shop_6,31.2273476112
shop_2,30.308668076100002
shop_4,36.5085286329
shop_6,30.0
shop_6,58.825020066499995
shop_4,30.0
shop_4,33.0289414194
shop_4,46.956697696400006
shop_6,96.1592104449
shop_4,122.403741292
shop_3,35.0
shop_3,34.6404842037
shop_4,35.7887492651
shop_4,30.351268314200002
shop_4,33.6191972744
shop_3,32.7462787551
shop_3,30.7974831251
shop_6,40.0537169186
shop_4,34.6340553785
shop_4,31.853753335700002
shop_4,37.6077325521
shop_3,31.3898943509
shop_4,41.1236170941
shop_4,34.901158019499995
shop_5,54.698338624499996
shop_6,35.0
shop_4,34.008333739499996
shop_4,34.0530184198
shop_4,31.3287462288
shop_4,30.0
shop_4,30.0
shop_4,30.0
shop_4,30.0
shop_4,34.2509676651
shop_1,30.0
shop_4,48.6725172641
shop_4,62.644492737700006
shop_6,32.338392221999996
shop_6,51.058935349799995
shop_1,30.1307682275
shop_4,34.5978874333
shop_4,30.0
shop_4,35.6416068909
shop_6,33.2726023052
shop_4,30.0
shop_6,35.8672086721
shop_4,49.4169084958
shop_3,30.999731951399998
shop_4,30.2624215481
shop_4,35.397190409299995
shop_4,48.404410684700004
shop_3,35.0589370286
shop_5,35.7374647887
shop_6,35.1256569848
shop_2,31.547729532600002
shop_6,56.383638706400006
shop_3,35.2839240109
shop_4,32.8630987681
shop_6,30.0
shop_4,75.7594338337
shop_6,32.819201995
shop_6,30.0
shop_4,30.799564553299998
shop_4,37.393803408800004
shop_5,34.3362250558
shop_4,35.9534248765
shop_4,41.837743613200004
shop_3,34.4543634039
shop_4,30.5179011112
shop_4,30.0
shop_1,35.0025036461
shop_4,40.0999306706
shop_6,30.0
shop_3,34.8530440868
shop_4,34.3645034733
shop_4,34.8590540056
shop_4,34.8603170929
shop_4,79.2432043368
shop_3,30.404600590100003
shop_3,34.7429348887
shop_6,32.1694341181
shop_4,30.026850786300002
shop_3,35.0
shop_1,36.4189929329
shop_1,74.298850806
shop_4,30.116021939099998
shop_6,59.486980453
shop_3,34.908666218600004
shop_4,41.8325818537
shop_4,35.4010223453
shop_4,109.531518154
shop_3,34.8676985443
shop_4,62.2541153034
shop_4,36.4130629139
shop_4,34.0086879038
shop_4,34.542483660100004
shop_4,30.0
shop_4,30.0
shop_1,35.4991969162
shop_4,53.83426694470001
shop_4,30.0
shop_6,53.7148793783
shop_4,30.0
shop_4,93.64186909440001
shop_6,154.917110053
shop_5,92.89256688620002
shop_4,30.0
shop_6,10.0
shop_6,30.0
shop_4,34.551310223200005
shop_6,35.0505319149
shop_6,10.846143046300002
shop_4,32.474042317199995
shop_4,54.900716035200006
shop_6,32.5
shop_4,36.5913267113
shop_4,49.680042327399995
shop_3,35.0
shop_4,36.4487535939
shop_4,50.3026928425
shop_2,30.0
shop_6,33.4209558319
shop_3,30.0
shop_2,35.0
shop_4,33.584731423499996
shop_3,37.9847941166
shop_2,35.0
shop_4,35.205188794899996
shop_4,30.0
shop_6,30.1231884058
shop_4,47.9131961867
shop_6,40.4716071529
shop_4,31.890664905300003
shop_6,36.652743330300005
shop_3,31.4686071925
shop_3,30.0
shop_3,35.824975804699996
shop_6,82.7882703777
shop_3,41.299905419299996
shop_4,35.0
shop_6,35.1875
shop_6,43.2162189442
shop_5,35.0
shop_3,35.885920950700005
shop_3,30.673845374299997
shop_3,89.5036987223
shop_3,32.4288636073
shop_6,34.5286620807
shop_6,45.615964802
shop_3,32.2479834314
shop_3,35.7651888342
shop_3,32.5277612693
shop_4,36.3401272512
shop_3,34.9592699155
shop_4,35.606589703800005
shop_4,31.2349783219
shop_4,34.0347041331
shop_4,35.041479427199995
shop_4,34.7757620647
shop_4,30.0
shop_4,35.6517587627
shop_4,47.4589751504
shop_4,45.3305959017
shop_4,34.4244752018
shop_4,35.0600418765
shop_3,35.3033394862
shop_4,79.30043825140001
shop_4,139.62936011
shop_6,30.0
shop_2,30.0
shop_4,53.2216817928
shop_6,61.368090727100004
shop_4,30.1139066264
shop_5,30.3321280842
shop_3,31.586908806599997
shop_4,50.96139945189999
shop_4,43.0093506035
shop_3,30.0
shop_4,31.8643710471
shop_4,51.8941358195
shop_3,34.7982914923
shop_6,37.7349109025
shop_6,34.7675722832
shop_5,30.0
shop_4,33.9411804384
shop_3,31.375371659699997
shop_3,34.748366070100005
shop_6,31.2575376457
shop_4,34.5063511979
shop_6,36.422556926300004
shop_4,34.9163082217
shop_4,82.1894687615
shop_4,30.0
shop_6,34.0930896889
shop_4,35.0655445066
shop_4,32.7161406673
shop_4,34.2291741423
shop_1,37.6112104949
shop_4,49.1695047314
shop_4,37.8360628128
shop_4,33.351239833
shop_5,32.182348266700004
shop_6,34.556636696999995
shop_3,33.5037037037
shop_6,35.3139709635
shop_4,45.8467643468
shop_2,30.0
shop_6,32.4392616513
shop_4,53.0308199283
shop_6,30.0
shop_4,54.04574249189999
shop_6,31.568001874
shop_4,110.30635223600001
shop_6,32.1830985915
shop_3,34.3540103981
shop_4,38.4703386945
shop_4,46.6148510169
shop_3,33.4405423729
shop_4,33.2193764218
shop_6,49.9741577674
shop_3,30.5014084507
shop_6,43.368386306400005
shop_4,38.8351366425
shop_4,33.822151603
shop_6,34.5446802848
shop_4,30.0
shop_3,36.2626877266
shop_2,30.0
shop_4,30.0
shop_4,46.9075977914
shop_3,81.4408962143
shop_4,30.0
shop_4,33.989629151
shop_2,56.5458752962
shop_4,34.6845409329
shop_4,107.97147611
shop_4,42.8935051499
shop_3,33.026257989899996
shop_4,36.9480302822
shop_6,62.4238013904
shop_6,49.1019283747
shop_3,31.8044107994
shop_3,34.2522915899
shop_4,46.77957508300001
shop_6,10.0
shop_3,31.2652446648
shop_3,30.0
shop_3,43.7295702546
shop_4,35.0791382483
shop_6,30.6177972865
shop_4,42.1397427879
shop_3,31.254894736799997
shop_4,33.665657584899996
shop_3,33.811026431
shop_4,35.271457934000004
shop_4,56.7546931142
shop_4,35.0
shop_6,31.3333333333
shop_6,10.0
shop_6,33.918699187
shop_6,10.0
shop_6,30.0
shop_4,34.3397940292
shop_4,30.0
shop_4,30.0
shop_4,114.541057862
shop_3,34.6358476748
shop_2,30.0
shop_2,33.0197740113
shop_4,33.3624653284
shop_3,34.6303220132
shop_4,30.8059108604
shop_6,32.0770149368
shop_6,35.1688732775
shop_4,30.0
shop_4,32.9554950045
shop_6,34.2513005076
shop_6,34.9607259619
shop_4,30.865387116799997
shop_6,33.688655478499996
shop_4,33.0722270503
shop_6,53.060875137299995
shop_4,54.5601501408
shop_4,36.2629778178
shop_4,30.0
shop_5,30.0
shop_6,34.8831775701
shop_6,34.002595618
shop_6,57.6406331701
shop_4,72.56356836270001
shop_5,30.0
shop_6,34.992174867399996
shop_3,34.7276578576
shop_4,37.242772524
shop_3,33.283654712600004
shop_4,30.3708368471
shop_4,30.0
shop_6,32.2014925373
shop_6,35.8456364829
shop_1,31.0212859337
shop_3,32.8246126234
shop_4,34.4201391768
shop_4,34.261758819899995
shop_3,30.02
shop_2,33.0
shop_3,30.997211135
shop_6,31.779147286799997
shop_4,30.0
shop_3,34.7900262467
shop_6,30.0
shop_4,36.6256388816
shop_6,34.4995685936
shop_6,31.3000922415
shop_5,30.8131782188
shop_4,35.5407020108
shop_3,34.2872612719
shop_4,34.4677183861
shop_4,54.2819900187
shop_3,31.7469864612
shop_4,31.6413472644
shop_3,34.8235929836
shop_6,42.0041891083
shop_3,33.3901084688
shop_4,30.0
shop_4,38.4113348438
shop_4,31.827183343
shop_1,30.0
shop_3,35.5318356708
shop_4,34.7580924855
shop_3,30.4259643669
shop_4,33.9207289294
shop_5,32.9211450445
shop_6,46.56704998399999
shop_1,35.0
shop_6,35.0
shop_3,34.1540034072
shop_4,44.358684366700004
shop_4,36.5395933023
shop_4,43.778628230600006
shop_2,37.9412369638
shop_4,35.8292662706
shop_4,36.0753912125
shop_4,34.2363005371
shop_4,30.572123837
shop_4,65.6360121225
shop_4,30.0
shop_6,33.7285174693
shop_6,30.5762537098
shop_6,30.0
shop_3,30.0
shop_4,37.8607876173
shop_4,66.7356607539
shop_4,31.87694974
shop_3,30.99787168
shop_4,31.5339945744
shop_6,30.0
shop_3,30.0
shop_4,41.6884530842
shop_4,30.7662604233
shop_1,30.0
shop_4,41.833764373499996
shop_3,32.16715
shop_4,41.6138874686
shop_6,34.961853631
shop_4,43.9781766841
shop_6,65.15642458100001
shop_4,40.8728052342
shop_3,43.8192869995
shop_6,41.6709303632
shop_4,47.750162152799994
shop_4,34.6669091481
shop_4,41.709345480500005
shop_3,34.844373392600005
shop_3,35.0
shop_3,71.0568399997
shop_4,44.7877994549
shop_6,32.2973599524
shop_2,30.0
shop_2,30.0
shop_6,55.5144291092
shop_4,35.1751727182
shop_4,35.3335301353
shop_4,33.2395703923
shop_5,84.2340442338
shop_4,34.6473392647
shop_4,31.101725744499998
shop_4,36.2614109652
shop_4,38.2920310375
shop_6,30.0
shop_6,34.7692956511
shop_4,30.575237234499998
shop_4,30.488131186
shop_4,77.8902716999
shop_4,74.13646346819999
shop_5,32.7714455946
shop_4,37.3285467797
shop_4,31.3833415625
shop_5,74.7198117506
shop_6,33.225148535500004
shop_4,34.10647645
shop_4,35.7004909921
shop_4,63.805461627
shop_6,34.6425221771
shop_6,30.0
shop_4,68.2963601051
shop_4,32.748931040500004
shop_3,34.9991615603
shop_3,30.0
shop_6,31.7182883227
shop_5,34.5511463535
shop_2,35.0
shop_5,33.6641565678
shop_4,30.664968742800003
shop_6,31.3469391044
shop_3,34.449615199600004
shop_4,83.6188341348
shop_1,37.789528711399996
shop_6,31.1050251566
shop_4,34.4936070592
shop_4,68.3503479189
shop_3,31.774988932600003
shop_6,35.9410416502
shop_6,30.0
shop_4,33.0282034472
shop_4,31.9880283869
shop_4,34.8488067139
shop_4,51.8898756661
shop_3,34.8940482962
shop_6,33.6383798515
shop_4,107.95465195
shop_5,33.0487994784
shop_2,35.0
shop_4,32.584731977800004
shop_4,42.482185356
shop_4,36.2747675412
shop_5,35.4806797335
shop_3,34.9234669378
shop_1,34.9325231852
shop_5,33.6583271151
shop_4,35.664150780599996
shop_4,38.8938464948
shop_3,34.9324511657
shop_6,43.035009260500004
shop_4,36.4849709344
shop_3,35.5623100625
shop_6,35.552392189
shop_4,37.3370991452
shop_4,34.0356503187
shop_6,83.3791946309
shop_4,32.070855803
shop_5,31.2894954588
shop_4,33.2430888205
shop_3,33.4349645629
shop_6,37.5602240896
shop_4,34.9607297587
shop_6,32.904851992
shop_6,33.8746882846
shop_6,34.9936220208
shop_4,186.740035107
shop_6,34.542316784899995
shop_4,34.9059206533
shop_5,34.39789852
shop_6,35.0158333333
shop_4,34.6986045416
shop_3,30.0
shop_3,32.9455023576
shop_4,33.761833385100005
shop_3,34.999113396599995
shop_4,30.0014438412
shop_4,35.11667175260001
shop_4,183.126734228
shop_4,45.974673680100004
shop_5,33.5463958328
shop_3,32.972895277199996
shop_4,188.180691469
shop_4,31.9955863808
shop_4,60.63979372439999
shop_6,62.4820627803
shop_3,30.9163536878
shop_4,51.6176817533
shop_4,42.5969844846
shop_3,33.9607928848
shop_4,54.4527405517
shop_6,34.7920596977
shop_3,34.7587710241
shop_4,31.6753729375
shop_4,30.0
shop_6,34.4015233239
shop_4,31.4378970633
shop_4,40.475538329
shop_3,32.9763636364
shop_1,33.2139664635
shop_4,30.94882189
shop_6,32.9718377547
shop_5,30.0
shop_6,59.121432454499995
shop_4,49.4040715625
shop_4,38.3022073152
shop_4,35.3893740598
shop_4,33.9801128248
shop_3,35.0
shop_5,31.4296147344
shop_4,30.0
shop_4,65.9458868029
shop_3,33.314873677
shop_4,35.827058418200004
shop_4,31.3823288792
shop_6,50.90050823470001
shop_4,88.78103577739998
shop_3,34.9887219721
shop_2,75.8398696088
shop_4,104.520692453
shop_4,50.958336996499995
shop_3,30.1437949688
shop_4,35.0
shop_4,32.7763306908
shop_3,37.506022906300004
shop_6,69.3972950409
shop_3,30.9599630996
shop_4,30.0
shop_3,30.0
shop_3,40.5283641824
shop_4,30.0
shop_4,30.0
shop_4,30.0
shop_5,35.0
shop_4,35.3907980122
shop_2,35.0
shop_3,35.8730264779
shop_1,33.1394924633
shop_4,41.5536935073
shop_5,32.9986928105
shop_4,30.0
shop_3,30.0
shop_4,43.8539770172
shop_4,34.6856245818
shop_6,53.3736481312
shop_4,34.0692487653
shop_4,50.5544294433
shop_4,33.572560685700005
shop_4,30.0
shop_3,33.6902918172
shop_4,33.373106760300004
shop_3,36.6764954273
shop_3,34.969218508699996
shop_3,35.3147152117
shop_4,31.4766504033
shop_3,30.9235368541
shop_4,45.4457056302
shop_2,30.0
shop_6,31.272997032600003
shop_3,34.071877819099996
shop_4,115.68115626
shop_4,113.073816228
shop_6,71.2848353239
shop_4,32.049058609
shop_3,34.8093081368
shop_5,31.382514744499996
shop_4,152.97480612200002
shop_6,37.401801910799996
shop_4,31.1150532551
shop_4,52.0250986453
shop_5,30.0
shop_3,32.6004286465
shop_6,30.0
shop_6,30.0
shop_3,34.3552919138
shop_6,31.8769831277
shop_6,41.4876077586
shop_6,30.830722587199997
shop_5,34.4777480584
shop_4,32.1505823627
shop_4,42.3846954711
shop_4,30.8003999059
shop_4,31.2983639859
shop_3,46.375082222399996
shop_6,33.007535795
shop_3,35.000315035
shop_4,51.9266524867
shop_5,31.298645588200003
shop_4,30.0
shop_6,34.9084460745
shop_4,40.9339941471
shop_6,32.285012285
shop_3,32.1687741862
shop_4,32.4778829925
shop_6,32.6850015104
shop_2,30.8558139535
shop_4,50.5495381784
shop_6,146.130274249
shop_4,30.4224440248
shop_3,36.333225574299995
shop_4,31.800633009699997
shop_4,95.4476171085
shop_3,35.185520362
shop_4,34.8914287562
shop_3,30.681408255300003
shop_4,44.656837369799995
shop_3,35.054672103899996
shop_6,31.196203028200003
shop_4,30.0
shop_3,33.114691424200004
shop_4,34.383929131100004
shop_4,41.9573741821
shop_6,31.1362663241
shop_4,35.3437195973
shop_3,34.4349096154
shop_4,40.7451862896
shop_4,30.0
shop_6,30.0
shop_1,33.2456644899
shop_4,32.335839599
shop_6,122.745365235
shop_4,30.0
shop_4,38.2644174473
shop_4,36.841765843000005
shop_4,59.1015245731
shop_4,30.0
shop_3,30.0
shop_4,34.3736007507
shop_4,53.6599257418
shop_4,35.6104945129
shop_4,32.2090386941
shop_6,34.2069854454
shop_3,34.9992235975
shop_5,42.8481214367
shop_4,34.9815778309
shop_4,35.7970711297
shop_6,36.1695793402
shop_5,31.031001266999997
shop_6,32.3096590909
shop_4,53.8230263418
shop_4,36.750535509
shop_4,34.3165067038
shop_4,32.8675169992
shop_2,62.960543269300004
shop_6,58.9816027142
shop_4,40.789549458
shop_6,126.15705458299999
shop_2,30.0
shop_6,32.9348674748
shop_4,34.7473173752
shop_5,34.4361029102
shop_6,33.4196169297
shop_4,33.4413342376
shop_4,31.469663419
shop_2,30.0
shop_4,30.775709219899998
shop_6,35.0
shop_3,61.8440454647
shop_2,42.3285108252
shop_4,44.282196218
shop_4,91.81167538620001
shop_6,35.3224116961
shop_3,47.18542591560001
shop_4,33.855925964899996
shop_6,30.0
shop_6,34.9283499091
shop_6,32.342146062800005
shop_3,36.0271723794
shop_4,34.9999703296
shop_4,89.0277676489
shop_4,33.559691998699996
shop_6,37.387665198200004
shop_6,37.918532827
shop_4,88.60716351020002
shop_2,30.0
shop_3,33.433293243200005
shop_4,37.2724539104
shop_3,34.662288011
shop_6,47.064978812700005
shop_4,34.5531376841
shop_4,37.700407454899995
shop_6,51.864110160699994
shop_4,102.74023459700001
shop_1,32.778451658899996
shop_5,47.660722533999994
shop_4,41.4351577245
shop_4,90.00541887940003
shop_6,48.5994382774
shop_4,46.1915122917
shop_1,34.8866686549
shop_4,53.3280117114
shop_3,36.0203410035
shop_3,34.912739893
shop_3,35.0
shop_4,43.354671306899995
shop_4,44.9721137007
shop_4,41.5416286203
shop_4,43.6933704205
shop_6,35.6201975851
shop_4,42.0791988164
shop_4,41.9635829087
shop_6,33.083735654899996
shop_5,34.7212366954
shop_6,31.8627483273
shop_4,36.8477831457
shop_4,42.7188433604
shop_6,42.5953285241
shop_2,46.455485292
shop_3,34.8010946867
shop_4,73.58170969470001
shop_6,30.0
shop_6,103.078573901
shop_4,35.5076196136
shop_4,34.7252600576
shop_4,34.7451094325
shop_4,73.399305199
shop_4,56.2925788258
shop_6,34.7039144142
shop_4,35.0722811443
shop_4,33.1428748221
shop_6,30.3813687938
shop_4,34.0800915866
shop_3,44.2375875583
shop_4,42.7407404229
shop_4,34.7118648549
shop_3,54.5235639975
shop_3,51.737589506000006
shop_4,52.71909361270001
shop_4,40.944915816
shop_4,32.3478413826
shop_4,36.700838162800004
shop_5,44.182010582
shop_6,34.0323101777
shop_4,32.021322105500005
shop_4,30.0
shop_6,32.0458324044
shop_3,35.0087508579
shop_4,35.1754218402
shop_6,34.1538266277
shop_6,36.8997560344
shop_4,70.7227490337
shop_6,30.0
shop_4,56.1648354877
shop_3,34.9302744805
shop_4,30.16270034
shop_4,44.6279776015
shop_6,34.691995079099996
shop_4,30.4027006649
shop_6,37.4330537995
shop_4,55.3935961817
shop_3,30.0005009258
shop_6,44.0612716763
shop_6,35.0
shop_4,33.3127742259
shop_4,34.7125543598
shop_3,33.764121861599996
shop_4,34.7228022495
shop_2,30.0
shop_3,30.0
shop_4,34.7121572242
shop_6,34.1862098355
shop_6,30.289186193800006
shop_1,32.049795615
shop_4,60.5342613224
shop_4,31.7164052164
shop_4,70.6177380312
shop_5,30.9697482873
shop_4,56.8143725575
shop_4,75.94534304060001
shop_6,34.696487119400004
shop_6,34.0033557047
shop_4,32.3576723499
shop_4,30.773045069400002
shop_4,34.9818469438
shop_4,53.080608678800004
shop_6,30.0
shop_4,34.7992628993
shop_4,34.5963140735
shop_4,35.9516685846
shop_3,41.500819902399996
shop_4,32.0049269752
shop_4,33.8782359081
shop_3,30.0
shop_3,43.0899584688
shop_4,33.0775574514
shop_3,37.5446935531
shop_6,30.0
shop_3,34.4509543304
shop_4,32.4501132791
shop_4,30.0
shop_6,36.1787270519
shop_3,30.0
shop_4,62.1440597617
shop_4,30.0
shop_4,35.8776095
shop_6,30.943052832800003
shop_4,45.699566938800004
shop_4,34.9080264982
shop_4,30.0
shop_4,30.0
shop_6,37.5928969974
shop_2,30.0
shop_6,34.1317737246
shop_4,33.9354906828
shop_4,33.5515994307
shop_4,36.0139037784
shop_5,30.0
shop_4,34.9651166318
shop_4,35.819293101599996
shop_6,35.0
shop_4,71.4279373464
shop_6,36.248918318499996
shop_3,51.3174851809
shop_5,30.0048609273
shop_5,30.6981492082
shop_3,34.512739778000004
shop_4,59.520052915200004
shop_4,32.6332734928
shop_3,35.0410210907
shop_4,31.9276463896
shop_6,35.487151298600004
shop_6,30.0
shop_4,32.062528387600004
shop_5,33.8355657107
shop_4,33.0517525052
shop_6,35.0
shop_6,57.2135953353
shop_6,34.0148698885
shop_6,30.0
shop_4,35.383931106300004
shop_5,35.2840168064
shop_4,48.2005407192
shop_3,37.1178616772
shop_4,65.7213499225
shop_3,35.6686938446
shop_4,30.089800865300003
shop_1,44.6612854368
shop_6,32.802743103699996
shop_4,34.555283250100004
shop_4,34.7036365762
shop_4,30.0
shop_6,31.0125786164
shop_4,37.0473441109
shop_4,53.9180283782
shop_3,32.9776728064
shop_6,37.954332519
shop_4,46.415347982700006
shop_3,35.0
shop_6,34.8243032446
shop_4,33.616839887
shop_4,30.0
shop_6,35.0631973078
shop_6,32.400423935300005
shop_3,30.0
shop_1,44.5811230232
shop_4,35.025138301300004
shop_2,30.0
shop_3,33.373533634299996
shop_6,31.4002670725
shop_4,38.9012562761
shop_1,30.8578066914
shop_4,34.4176928062
shop_6,60.8864282215
shop_3,44.2528003792
shop_4,60.9633674113
shop_4,30.9052170427
shop_4,36.3167279412
shop_6,30.0
shop_4,46.4515161213
shop_4,134.092998714
shop_2,30.0
shop_6,43.4272412466
shop_4,98.85931960379999
shop_1,30.274740635900002
shop_6,35.4867234114
shop_6,38.0545047529
shop_4,35.3057072419
shop_6,34.925984252
shop_3,33.0200963769
shop_6,30.0
shop_3,80.96999947229999
shop_4,36.2476379099
shop_4,51.2450357692
shop_4,34.9577685743
shop_4,30.0
shop_6,33.3888354187
shop_3,34.9492452091
shop_4,31.8856673511
shop_4,58.9928644437
shop_1,36.7102383822
shop_6,35.0
shop_4,34.4120789779
shop_4,113.59243846
shop_1,33.4376052899
shop_3,50.160397445
shop_5,35.3804526386
shop_3,33.4299572765
shop_3,32.9269935491
shop_4,31.975694346799997
shop_4,49.3250619004
shop_4,31.0146164473
shop_6,33.013796699400004
shop_4,48.82521276600001
shop_3,30.6533480298
shop_4,33.8028024973
shop_3,32.887004591
shop_4,33.2218409094
shop_4,30.0
shop_6,34.7132161811
shop_4,36.0660760931
shop_3,34.7519142211
shop_4,36.0445116047
shop_6,36.1023338542
shop_4,33.745624798200005
shop_3,34.0238211382
shop_4,34.0729833547
shop_2,35.0
shop_4,34.670982024699995
shop_5,43.7735846238
shop_4,31.771216161599998
shop_2,30.0
shop_3,34.6494385063
shop_6,32.409069752
shop_4,30.6513583393
shop_2,31.7482419128
shop_4,38.1775730981
shop_4,61.4502317188
shop_6,35.4258409134
shop_3,40.2356660886
shop_5,31.1175710594
shop_4,36.4817303885
shop_6,30.5998745378
shop_4,35.018606593499996
shop_6,31.9143359332
shop_4,32.2373941265
shop_4,58.85459427
shop_5,34.6099616858
shop_4,30.0
shop_4,53.213235921199995
shop_6,35.174320066599996
shop_4,34.6806629249
shop_4,45.936072335
shop_4,33.5205897831
shop_4,38.1319940983
shop_4,30.0
shop_4,73.3750662026
shop_6,30.0
shop_4,32.2734806263
shop_2,30.0
shop_3,34.1724137931
shop_4,30.0
shop_4,42.4104127364
shop_4,47.4908928755
shop_3,30.0
shop_4,41.1723560693
shop_2,32.9423076923
shop_4,38.6647406028
shop_4,56.7687733046
shop_3,33.332100064
shop_3,30.00314215
shop_6,35.5898041358
shop_1,30.0
shop_4,48.5594136988
shop_4,48.9175726456
shop_4,51.9268901253
shop_2,30.523598820100002
shop_3,35.0589947436
shop_4,34.4856522017
shop_6,92.47362394780001
shop_4,35.3180631747
shop_4,36.3861337882
shop_4,40.948633433000005
shop_3,33.194244604299996
shop_6,33.797029615999996
shop_4,30.0
shop_4,35.1851577261
shop_3,34.9976065103
shop_4,43.257447255900004
shop_4,43.3629062167
shop_3,34.5377010976
shop_2,30.0
shop_3,30.780487804899998
shop_4,55.7106797351
shop_4,31.8310648519
shop_4,68.782668182
shop_4,69.25445875930001
shop_3,35.1437823834
shop_5,38.8916159228
shop_4,41.4874095346
shop_4,30.008473687600002
shop_4,30.0
shop_4,56.322720588900005
shop_3,30.5103697024
shop_4,45.0767165308
shop_3,30.031105932600003
shop_6,35.0
shop_4,30.0
shop_6,34.175416390100004
shop_4,48.3959236078
shop_4,34.4823380992
shop_6,32.5844473192
shop_4,51.4461494743
shop_4,33.6444939765
shop_3,35.0005429864
shop_2,34.4047619048
shop_6,33.9416415356
shop_6,67.0947191953
shop_3,32.5263233746
shop_3,33.793281926700004
shop_6,30.910086034699997
shop_3,32.7823335168
shop_1,30.0
shop_6,58.2376682443
shop_4,33.6859921156
shop_4,34.7460639919
shop_4,32.0540428185
shop_4,40.5382383524
shop_4,35.758564086999996
shop_5,35.0504721857
shop_4,30.2455621302
shop_4,91.8846848871
shop_4,68.3968737862
shop_2,30.0
shop_3,32.3107235572
shop_4,30.084912280700003
shop_6,56.697598193599994
shop_6,34.5566363636
shop_3,32.7961578227
shop_4,35.7286930318
shop_4,50.2309428608
shop_3,30.0
shop_4,31.4122580342
shop_6,40.7920001484
shop_2,30.0
shop_4,58.006558993599995
shop_6,56.950068266
shop_4,36.494132836
shop_4,43.5517300445
shop_4,31.702748432600004
shop_3,34.799243814099995
shop_4,47.266754635699996
shop_6,32.9755566966
shop_3,34.750854760100005
shop_6,38.0978886756
shop_4,30.0007686395
shop_3,34.948518715
shop_3,35.0
shop_4,33.2708403851
shop_3,35.0294352407
shop_4,30.0
shop_2,31.366655294
shop_4,41.3570954338
shop_4,35.590706617399995
shop_4,36.6573874823
shop_3,30.0
shop_4,33.0279962108
shop_4,35.880168886599996
shop_6,37.7259261942
shop_6,45.4414168937
shop_3,36.1119886606
shop_4,30.0
shop_6,45.5792527333
shop_6,30.0
shop_3,34.6479079116
shop_4,31.6522599006
shop_2,30.9639830508
shop_6,30.0
shop_1,43.651287535
shop_4,31.1923864483
shop_4,35.3900721184
shop_4,38.5651554595
shop_3,36.6321103263
shop_4,51.2989171311
shop_6,34.7221078779
shop_1,30.0
shop_6,30.0
shop_2,103.382479103
shop_3,35.0
shop_6,30.0
shop_4,33.7733281921
shop_2,30.0
shop_5,32.9916401274
shop_4,66.3322095115
shop_6,31.8533054768
shop_1,42.8458023483
shop_5,32.9751175007
shop_4,37.0877505302
shop_6,35.0368589744
shop_6,34.569252077600005
shop_4,30.5010790073
shop_6,31.244668577600002
shop_4,35.6718378408
shop_4,35.746087161
shop_4,37.3205534019
shop_3,36.3584913906
shop_4,33.6421134417
shop_4,34.120813231199996
shop_6,35.0
shop_1,33.321020666799996
shop_2,30.0
shop_1,32.9935852106
shop_2,33.0
shop_4,48.47338003350001
shop_1,30.0
shop_3,57.243610637799996
shop_6,42.5786209413
shop_3,34.3257224239
shop_4,40.16251071
shop_4,31.3259919612
shop_4,30.0
shop_6,42.8287857336
shop_4,30.615197591799998
shop_5,30.0
shop_4,37.1913812187
shop_6,36.255539820100005
shop_4,34.0888461009
shop_3,35.1649155713
shop_6,35.0
shop_4,38.6663411527
shop_4,41.2947718432
shop_4,34.8273026316
shop_4,52.2668634476
shop_1,34.241511318200004
shop_3,33.5302023056
shop_1,30.6592417667
shop_6,43.8455836754
shop_4,33.6266658383
shop_3,34.226993865
shop_3,35.2802822423
shop_3,30.018805306199997
shop_6,34.5
shop_4,32.5798642949
shop_4,139.315111932
shop_3,33.8668234419
shop_3,35.037813399099996
shop_3,30.0
shop_4,30.978383347199998
shop_3,34.9240699329
shop_4,53.99538189890001
shop_3,33.0132443568
shop_3,30.111750305999998
shop_4,31.143813834
shop_6,32.594594594600004
shop_4,30.0
shop_5,34.4656830229
shop_4,37.5992469004
shop_4,35.017893952
shop_4,30.0
shop_2,32.8797168698
shop_6,52.8092428712
shop_6,30.0608272506
shop_3,30.3587951509
shop_4,33.1054373371
shop_3,34.5763609675
shop_4,38.2176821066
shop_4,40.8747054118
shop_4,36.209441753600004
shop_3,45.642615558100005
shop_4,37.4962284378
shop_6,35.0075190701
shop_4,34.9990397542
shop_6,52.069535756099995
shop_3,31.7549874183
shop_6,73.8556137758
shop_3,33.4904891304
shop_4,34.7530329289
shop_6,38.1851321443
shop_4,36.563142524
shop_5,33.6504895243
shop_4,51.6734518675
shop_3,32.8578330681
shop_3,30.4483003777
shop_6,30.0
shop_6,45.425001631099995
shop_4,52.0674232108
shop_4,42.5788288288
shop_4,33.572076788800004
shop_4,34.2903891814
shop_3,30.0
shop_4,52.110878195699996
shop_4,33.4652290303
shop_6,34.364640884
shop_4,33.3890548197
shop_4,76.4527416799
shop_6,34.8629605688
shop_4,35.4609955313
shop_6,93.0243371997
shop_3,30.0
shop_4,34.5074510483
shop_4,45.54053546390001
shop_3,33.4056669441
shop_4,32.5807362582
shop_4,35.458824715300004
shop_4,53.382926328
shop_6,32.8046218487
shop_4,36.318260170100004
shop_4,32.626317057
shop_4,35.0
shop_3,34.809243476
shop_4,32.8852263135
shop_4,36.3605127004
shop_6,41.9843326323
shop_6,33.541697650500005
shop_3,34.7033096688
shop_4,30.0
shop_4,40.2667608572
shop_4,33.4679948953
shop_6,32.1332853026
shop_6,34.9108849765
shop_6,31.8298454746
shop_3,30.907699390599998
shop_1,32.7958948339
shop_6,30.0
shop_4,30.0
shop_4,32.5933174205
shop_4,32.5651615914
shop_3,34.3807091026
shop_6,33.3652971705
shop_4,44.1358885017
shop_4,63.4333025704
shop_3,30.0
shop_1,34.9912876664
shop_4,34.1187714948
shop_6,30.0
shop_6,31.5481892765
shop_4,31.412014393099998
shop_4,33.414169356100004
shop_6,33.4322740209
shop_4,74.3868898259
shop_5,30.580592773000003
shop_4,30.7851759858
shop_6,41.9188638514
shop_4,102.175984074
shop_4,30.0
shop_6,35.0
shop_3,30.999839640799998
shop_5,44.4063131936
shop_6,30.0
shop_6,59.610034637700004
shop_6,40.6800659658
shop_2,30.0
shop_3,35.2023466667
shop_4,32.6069514152
shop_3,34.724918043
shop_3,30.0
shop_4,34.5655036208
shop_3,33.9971315093
shop_6,32.2169199249
shop_4,35.1896422118
shop_6,30.0
shop_3,30.8316477062
shop_4,30.0
shop_4,33.906075496999996
shop_4,35.4050460906
shop_4,69.6306757266
shop_4,35.8148598087
shop_2,102.568982746
shop_6,30.0
shop_6,34.5221870048
shop_3,30.0
shop_4,60.3853540271
shop_4,94.7686310153
shop_4,35.000859293299996
shop_1,35.0
shop_4,32.745430818
shop_4,31.7737604679
shop_6,34.9999623749
shop_4,30.0
shop_6,35.0
shop_4,56.5273605428
shop_6,33.50010019
shop_4,30.0
shop_5,34.9422800575
shop_6,30.0
shop_4,34.8545918367
shop_1,65.9942837428
shop_1,59.2338039867
shop_6,33.6633906634
shop_4,107.075803531
shop_4,32.2849261592
shop_4,37.7718272516
shop_3,55.8989468405
shop_2,37.0876549677
shop_4,31.5483780368
shop_6,30.8821348758
shop_2,54.474609797
shop_4,35.0
shop_4,32.9852974828
shop_6,30.413998358
shop_4,32.6871704745
shop_6,53.721190755500004
shop_4,30.0
shop_3,34.8873541837
shop_6,30.0
shop_6,32.9486403833
shop_4,30.1202002537
shop_3,33.5829325727
shop_4,45.521466212
shop_4,31.4728505125
shop_4,33.8484168696
shop_6,30.386016949200002
shop_6,32.1730769231
shop_4,48.3857895799
shop_3,35.0758852848
shop_4,34.451226140100005
shop_4,32.9911617836
shop_3,35.9787574696
shop_6,32.4698556648
shop_4,31.70377976
shop_3,34.5516378007
shop_6,34.7182195019
shop_4,32.582222186100005
shop_3,30.144579024499997
shop_6,30.2636054422
shop_3,35.2002807018
shop_6,47.36231977470001
shop_6,31.6265429844
shop_4,33.4920444755
shop_4,55.278276329200004
shop_3,30.8436111259
shop_6,200.0
shop_4,38.8278309731
shop_1,34.6754659908
shop_4,47.9423721561
shop_5,42.7812584068
shop_4,51.3282100049
shop_4,35.1184923975
shop_3,33.6746506047
shop_4,40.8663335766
shop_4,30.9369453925
shop_6,30.3914712154
shop_3,35.0
shop_4,30.0
shop_6,35.0859799415
shop_6,36.5802005013
shop_1,35.0
shop_4,50.2366111363
shop_4,33.3186293023
shop_4,61.8031320202
shop_3,30.0
shop_4,34.8817049315
shop_3,34.9759746555
shop_6,30.0
shop_4,43.97146403510001
shop_6,34.9676253576
shop_3,36.065279749
shop_4,97.481228065
shop_4,108.81145788200001
shop_2,64.5975150405
shop_6,45.4715167224
shop_3,33.507042253499996
shop_6,33.2513863216
shop_3,30.0
shop_4,47.3636930755
shop_6,31.2717503302
shop_6,32.5037950168
shop_4,35.628720002
shop_4,30.0
shop_4,35.4695592566
shop_6,33.976401179899995
shop_6,33.1227217497
shop_4,38.526295908
shop_6,34.2902388291
shop_4,30.0
shop_3,35.9749575614
shop_6,36.911986941799995
shop_1,34.9991082045
shop_3,48.18735683470001
shop_4,71.8541992518
shop_4,38.8308124886
shop_4,30.0
shop_2,30.0
shop_6,34.9462365591
shop_6,30.0
shop_5,35.9716445911
shop_4,32.619819624499996
shop_2,33.0
shop_6,34.1093162353
shop_6,32.8541103753
shop_4,31.09701564
shop_6,53.193571176300004
shop_4,31.618862528
shop_5,30.0
shop_4,55.2192019334
shop_6,34.04060887510001
shop_3,30.298892988899997
shop_3,35.6937868762
shop_6,31.0358052046
shop_4,30.0
shop_5,32.8940316687
shop_4,31.105719058400002
shop_3,35.0300377678
shop_4,31.523471936999997
shop_3,34.8928571429
shop_4,119.60593778100001
shop_6,34.2989426466
shop_4,30.0
shop_4,41.8570504528
shop_4,36.759161233200004
shop_3,37.9289980754
shop_4,36.6217584427
shop_3,32.5009547086
shop_6,34.560546875
shop_3,34.9929444967
shop_4,38.2352269837
shop_4,34.0309047238
shop_4,32.101868623899996
shop_6,30.0
shop_6,34.4345090079
shop_3,34.9316392545
shop_4,32.3417482053
shop_2,31.9033836177
shop_4,50.6036440084
shop_1,33.84523461
shop_4,43.35735787390001
shop_3,30.0
shop_4,38.8957045584
shop_4,120.260668245
shop_4,44.6621871128
shop_4,59.827878627299995
shop_4,42.8210338523
shop_4,30.092592592600003
shop_6,30.0
shop_3,31.069854298699997
shop_4,35.0361342537
shop_5,33.7258896294
shop_4,66.3959440559
shop_4,37.4615709194
shop_3,51.5723158829
shop_4,35.736132674699995
shop_6,34.7753638473
shop_6,31.461367067199998
shop_4,40.9555431348
shop_4,30.0
shop_3,54.6440232895
shop_4,48.162035140200004
shop_4,47.47070809979999
shop_6,31.1121495327
shop_4,48.3472212658
shop_4,44.6359149259
shop_3,34.133677731999995
shop_6,34.9866420219
shop_4,35.8768985548
shop_4,30.227221791199998
shop_4,72.1490463034
shop_4,105.74392199200001
shop_4,30.1367781155
shop_4,36.1886419033
shop_2,30.0
shop_2,30.3706896552
shop_4,115.99991106
shop_4,95.644637034
shop_6,34.7130541872
shop_6,34.1747700394
shop_4,34.243528962199996
shop_4,60.3350902551
shop_6,33.0807629657
shop_4,43.7970180424
shop_3,34.5227550692
shop_3,35.0007914856
shop_4,40.866234955500005
shop_6,32.984786598
shop_4,56.576878802799996
shop_1,32.734606958200004
shop_4,30.0
shop_4,34.4549321874
shop_4,30.785022273400003
shop_4,42.5896112843
shop_6,46.6994916686
shop_3,30.0
shop_3,30.9681922557
shop_3,34.7498146645
shop_6,30.0
shop_4,62.57635574840001
shop_3,34.8167483973
shop_4,30.0
shop_3,30.0
shop_4,35.817145425599996
shop_4,42.6634999904
shop_4,32.0859394511
shop_4,34.341042956500004
shop_4,33.6382475661
shop_5,30.0
shop_6,32.5075476815
shop_4,53.4092718063
shop_5,33.1070093942
shop_4,34.8936107966
shop_4,41.0046154274
shop_4,57.4293992933
shop_4,40.127862422
shop_4,64.0638662721
shop_6,35.0
shop_6,30.0
shop_2,30.0
shop_6,32.6024653912
shop_4,34.088388341
shop_4,33.910470234
shop_4,36.3109996866
shop_4,38.4918841709
shop_6,34.5147546285
shop_4,31.7447166704
shop_6,37.2727328369
shop_4,30.976583014099997
shop_5,58.0559293558
shop_3,38.917678258
shop_2,30.0
shop_6,58.777014517299996
shop_6,36.2383524646
shop_4,33.1729175674
shop_3,31.958422084000002
shop_4,32.5711023838
shop_4,31.645803592300002
shop_4,47.698875181400005
shop_6,30.7971582298
shop_6,97.7977081384
shop_4,43.853979014
shop_4,35.862452264699996
shop_6,33.7462418102
shop_4,37.9493176783
shop_6,33.9360216462
shop_6,37.3206257424
shop_5,36.304243375700004
shop_2,34.9544701663
shop_3,37.3969230769
shop_4,31.3577345999
shop_4,34.369361266
shop_6,30.0
shop_4,50.3343353563
shop_6,37.888758461500004
shop_5,31.482469146
shop_4,50.0765813971
shop_4,121.025440531
shop_4,42.811922821399996
shop_4,41.263303545700005
shop_4,58.496776958699996
shop_4,117.74363233700001
shop_4,44.512769511
shop_4,33.374387095500005
shop_1,31.0318226927
shop_4,35.482737223200004
shop_4,34.7217868339
shop_6,34.9199172242
shop_4,34.99557216
shop_4,35.3867313498
shop_4,83.2135974624
shop_2,30.0
shop_6,32.4650938854
shop_4,33.3942278519
shop_2,47.0766664443
shop_4,48.2585515958
shop_3,34.9122807018
shop_4,30.0
shop_4,197.957250956
shop_6,30.0
shop_4,30.0
shop_3,34.9418951777
shop_2,35.0
shop_6,33.3878895833
shop_3,34.987207104
shop_4,40.584965636999996
shop_3,34.8649254568
shop_4,32.7763762888
shop_4,32.6846862914
shop_4,37.671515120500004
shop_6,30.422110130300002
shop_4,35.1022608635
shop_4,33.2866671793
shop_4,34.565670276300004
shop_4,43.402670603500006
shop_6,30.0
shop_4,30.0
shop_4,30.0
shop_4,30.7352807267
shop_4,44.1683101445
shop_4,30.0060722673
shop_4,84.2885689698
shop_4,41.7141826314
shop_4,32.4431573982
shop_4,34.7641971652
shop_4,50.754747530699994
shop_3,35.0574638844
shop_4,30.530884790300004
shop_6,31.5339628151
shop_4,34.085814986100004
shop_4,31.4848885219
shop_6,47.4966256904
shop_4,35.8064759676
shop_4,56.0569860701
shop_3,35.747776520100004
shop_6,46.958542264799995
shop_6,33.726204928200005
shop_4,36.2470781416
shop_5,34.255024158000005
shop_4,34.5428015564
shop_4,37.6932500919
shop_2,30.0
shop_6,34.1971998142
shop_4,81.9625995065
shop_3,35.7660968296
shop_4,36.68171887
shop_4,30.0
shop_4,46.7494872145
shop_4,30.0
shop_3,30.0
shop_6,30.9537993921
shop_6,35.0
shop_4,49.516390852600004
shop_1,36.1583499253
shop_3,34.6845672968
shop_4,30.0
shop_2,45.5807591047
shop_1,35.7840583642
shop_5,43.7070784111
shop_4,58.0184460645
shop_6,30.0
shop_6,35.903585237399994
shop_4,30.0
shop_4,30.0
shop_6,35.0
shop_3,32.5708970508
shop_3,33.8768396839
shop_2,43.74881271180001
shop_6,33.2901990263
shop_6,35.3703839698
shop_2,32.5021649381
shop_4,101.18068970200001
shop_6,34.193877551
shop_6,33.9773822358
shop_4,42.0219911642
shop_6,30.6661440368
shop_6,93.110107216
shop_6,48.5073168107
shop_4,34.3240343348
shop_4,34.575722050500005
shop_4,40.0984597475
shop_3,40.0830347734
shop_4,50.3324599608
shop_4,34.8437647601
shop_3,30.0
shop_4,31.921942036399997
shop_4,30.0
shop_4,162.981168586
shop_1,74.4529287821
shop_4,40.6156832833
shop_3,35.0
shop_6,33.3198037829
shop_4,36.0989098644
shop_3,35.509311304
shop_1,36.8056539854
shop_4,34.6300475059
shop_4,49.800499519700004
shop_3,34.640389810900004
shop_4,30.4182692308
shop_4,47.9794291276
shop_2,33.0387589846
shop_4,58.766357256099994
shop_4,34.1112676056
shop_4,33.7929119521
shop_4,40.4272693465
shop_4,30.0
shop_4,35.0424365162
shop_6,34.400196157399996
shop_3,34.996536596599995
shop_1,31.8711403283
shop_3,30.8392685984
shop_6,30.0
shop_4,34.7989533362
shop_4,64.06869763899999
shop_3,30.5602073365
shop_6,30.344827586199997
shop_6,76.2856748297
shop_4,33.793766858400005
shop_4,47.6439006051
shop_3,33.7132281074
shop_4,57.1054054758
shop_4,31.9235863434
shop_2,35.0
shop_4,33.4229640142
shop_6,32.5356639277
shop_1,51.7549258137
shop_4,56.4342488197
shop_6,33.025643754
shop_4,34.0759396288
shop_5,31.1458797348
shop_4,48.6214198286
shop_6,30.0
shop_4,30.0
shop_4,49.790728531099994
shop_4,33.216320863600004
shop_6,34.9799277399
shop_2,35.0
shop_6,80.1950327329
shop_6,33.954442036799996
shop_4,30.909430937800003
shop_5,30.0
shop_2,30.0
shop_1,33.7917193065
shop_4,31.9494067607
shop_3,32.7497923615
shop_4,72.1342412451
shop_4,43.644983026800006
shop_4,46.0396128362
shop_1,30.0
shop_3,34.5104316641
shop_3,35.312546976
shop_3,33.9536738658
shop_5,30.0
shop_4,33.9131815776
shop_4,45.651366305299995
shop_3,30.8055752181
shop_2,35.0
shop_5,30.9618479342
shop_6,35.2887327692
shop_3,34.619288617399995
shop_3,35.06251114
shop_6,37.418520146700004
shop_3,30.0
shop_4,47.4744750281
shop_4,41.1557746136
shop_4,34.7384761603
shop_4,41.5344048182
shop_4,34.742720414000004
shop_4,50.194125225
shop_6,40.705531711999996
shop_4,46.0297167611
shop_4,30.6068582577
shop_4,34.8582367375
shop_4,30.507980846
shop_4,129.39488479
shop_3,30.0202613234
shop_4,34.8921839006
shop_6,40.6632699397
shop_4,57.851461154700004
shop_6,32.777777777800004
shop_4,139.968414367
shop_3,32.6818738518
shop_4,34.876127716300005
shop_6,32.8125189778
shop_4,30.2945936246
shop_4,38.6474650975
shop_4,50.8071720591
shop_4,44.7171839595
shop_6,31.346233471399998
shop_6,32.438913246999995
shop_4,38.7905979338
shop_6,30.0803921569
shop_4,148.235272605
shop_4,46.31114981939999
shop_4,33.7875385114
shop_4,50.2578644218
shop_6,34.2295081967
shop_6,34.8636551654
shop_4,35.4567513435
shop_6,31.2025366006
shop_4,30.3627682644
shop_3,32.987366648000005
shop_4,74.524937884
shop_4,40.40251436
shop_4,44.0041618567
shop_3,30.9368966568
shop_4,34.6906863131
shop_6,34.4499251355
shop_4,30.0
shop_6,35.1022593231
shop_4,54.559832325600006
shop_4,42.000968746999995
shop_2,33.801356202600005
shop_6,32.635661435900005
shop_4,42.1603983158
shop_3,30.0
shop_4,32.1811908688
shop_4,65.2735422926
shop_6,35.718114602600004
shop_1,30.0
shop_5,34.4516073871
shop_6,71.53295205159999
shop_4,35.035430839
shop_5,54.0899147725
shop_3,36.066500843200004
shop_5,52.2417397236
shop_4,36.8856140894
shop_3,34.8637927545
shop_4,30.0
shop_6,34.8974528614
shop_3,34.9474367706
shop_4,49.179632616099994
shop_6,30.782808824
shop_6,35.001239446
shop_5,32.6759410802
shop_6,31.2838292827
shop_4,37.9834000394
shop_1,37.078042622199995
shop_4,82.6800967493
shop_4,42.144995357199996
shop_6,34.9656133829
shop_4,33.333688991399995
shop_4,57.158847208900006
shop_4,53.435010583
shop_2,34.9367139417
shop_6,37.2635987357
shop_6,30.0
shop_4,32.8970196927
shop_6,31.2588123644
shop_4,59.509707433900005
shop_3,36.2780775643
shop_6,30.0
shop_4,32.6259892526
shop_4,49.265604249700004
shop_2,35.0
shop_4,30.0
shop_3,32.916544655900005
shop_4,64.0377495471
shop_4,46.2397980091
shop_4,73.7793047696
shop_6,32.734138972800004
shop_5,30.0
shop_6,32.6556534508
shop_6,32.0849420849
shop_3,34.968022061300005
shop_4,139.391663844
shop_3,32.7467274578
shop_3,30.0
shop_4,32.6194210475
shop_6,10.0
shop_6,30.3823900385
shop_6,30.086805555599998
shop_6,30.0
shop_4,30.0
shop_3,90.5176600442
shop_6,35.0031637226
shop_6,32.2137775319
shop_6,35.631578947399994
shop_4,34.7905246845
shop_4,43.2998442254
shop_4,58.1732529363
shop_4,34.2965492939
shop_4,32.8590374551
shop_4,30.0
shop_1,32.9914959154
shop_4,34.2857142857
shop_6,36.610505993400004
shop_1,33.8167189124
shop_4,34.7314487633
shop_4,34.3497294106
shop_6,36.4136546185
shop_3,30.0
shop_6,31.6376623377
shop_1,35.1501466276
shop_4,31.960739587800003
shop_4,61.6924178392
shop_4,30.907609361254
shop_4,35.1644281217
shop_3,30.0
shop_3,34.9803345854
shop_2,32.888685574899995
shop_4,49.047608947200004
shop_4,46.8141317185
shop_4,30.0
shop_6,30.8861486748
shop_6,40.9594734844
shop_6,35.3360677594
shop_1,33.0316144874
shop_4,44.99466968189999
shop_3,32.2785326087
shop_3,32.859354590900004
shop_6,30.0
shop_5,36.4629308635
shop_4,34.2030997084
shop_4,38.3955307092
shop_4,68.6413113487
shop_6,45.134444444399996
shop_4,30.0
shop_4,30.0
shop_3,30.776904246500006
shop_4,34.987281507199995
shop_4,79.7268181818
shop_3,33.0701251303
shop_4,37.9700866456
shop_6,32.00229775010001
shop_4,77.9198640252
shop_1,35.5068217269
shop_5,30.7606946209
shop_4,30.1852517559
shop_4,30.0
shop_6,32.2897897898
shop_4,30.0
shop_4,30.0
shop_4,31.419085182800004
shop_3,34.4232706397
shop_3,32.6953407153
shop_4,46.91605511970001
shop_6,30.2099869876
shop_4,31.1628058256
shop_4,34.3362406015
shop_3,35.0450937485
shop_4,32.549084552800004
shop_4,38.9841713311
shop_4,73.5584786569
shop_3,32.5888760677
shop_3,64.87654320989999
shop_6,64.4092642626
shop_4,36.899850075
shop_6,135.278636378
shop_4,54.1469115192
shop_4,34.8863006978
shop_4,35.3168964711
shop_3,31.907237177
shop_3,34.1674027563
shop_3,30.0
shop_6,57.028947368400004
shop_4,34.7566420896
shop_4,42.5115134937
shop_4,30.029359468000003
shop_4,43.5175633434
shop_3,34.6563743273
shop_3,30.0
shop_4,36.0969473636
shop_5,30.0
shop_4,37.0313327638
shop_6,34.8603351955
shop_4,40.5756063994
shop_6,36.3562070584
shop_3,32.0393324589
shop_4,34.7819471456
shop_4,41.084340622
shop_4,62.9451263827
shop_3,34.9154330736
shop_4,30.463774283600006
shop_4,30.9286028313
shop_4,32.3629294274
shop_6,37.9102393617
shop_4,33.6463753709
shop_3,34.2124798217
shop_4,40.4099033909
shop_3,30.146022517800002
shop_4,43.1612780525
shop_3,30.169463242800003
shop_4,34.25484975280001
shop_4,62.5605540486
shop_4,60.5136852126
shop_6,34.9940641076
shop_4,30.0
shop_4,33.317908847199995
shop_4,30.0
shop_4,50.5121569721
shop_6,75.1945450856
shop_3,32.6730809363
shop_4,32.316646481
shop_4,48.4757222271
shop_4,50.435240390699995
shop_3,34.9085910118
shop_3,31.0109188967
shop_3,30.0
shop_6,33.7195121951
shop_3,42.810668877800005
shop_6,38.0016692663
shop_4,33.8248056537
shop_4,30.0
shop_4,30.0
shop_4,142.18418645
shop_4,30.0
shop_3,32.3775325068
shop_4,50.0906129918
shop_3,34.2871828826
shop_4,34.482735513
shop_6,30.2517483975
shop_6,40.6907875618
shop_4,36.507455874
shop_6,30.2825783833
shop_1,32.566
shop_4,35.0073965327
shop_1,31.5855068935
shop_2,48.8837260841
shop_3,34.8628428928
shop_4,30.0
shop_6,33.4233633708
shop_5,47.6771788991
shop_4,30.705031161500006
shop_2,35.0
shop_3,36.6922974856
shop_4,40.3285677403
shop_4,41.6887919677
shop_4,38.4805924438
shop_6,30.0
shop_6,30.0
shop_6,31.9764289016
shop_4,36.7608839283
shop_3,36.7542298384
shop_3,57.056695392799995
shop_3,32.5256493506
shop_4,32.3667757266
shop_3,30.0
shop_6,10.3045150463
shop_4,54.730478958199996
shop_1,32.981293875300004
shop_4,34.5097903796
shop_3,32.7602097298
shop_5,37.7341623329
shop_4,56.9787417894
shop_4,30.0
shop_4,94.898358646
shop_4,34.1562581657
shop_5,44.557440246700004
shop_2,35.0
shop_4,67.3187797903
shop_4,126.04583114399999
shop_4,43.8991630533
shop_3,56.1848936004
shop_4,50.6127944731
shop_4,49.44058678060001
shop_3,34.8839795977
shop_6,32.491040163600005
shop_4,41.0710093924
shop_3,30.2893287287
shop_4,53.1152336948
shop_6,32.6651317879
shop_4,55.642790142399996
shop_3,31.164831002899998
shop_4,38.7484219726
shop_4,36.7209598834
shop_3,34.9946508092
shop_4,34.2431148748
shop_3,46.4910225334
shop_4,34.9920502346
shop_4,31.064446574
shop_4,30.9022574956
shop_4,38.9246840989
shop_4,34.7759360873
shop_4,59.259493439799996
shop_5,32.3613086771
shop_4,35.5040600309
shop_4,40.564047688
shop_6,41.2645923564
shop_4,30.0
shop_6,30.0
shop_4,43.7215810105
shop_4,53.2992836375
shop_6,30.0
shop_4,32.742091167
shop_4,34.030626333600004
shop_4,44.2702272245
shop_3,32.7780289963
shop_3,34.8981510498
shop_4,34.9582268045
shop_4,33.9316659306
shop_4,33.3525804803
shop_3,34.7100318738
shop_1,30.0
shop_4,35.797300787800005
shop_3,31.5780808638
shop_6,30.0
shop_4,49.683951126800004
shop_6,30.0
shop_4,35.6603108451
shop_2,30.6
shop_4,68.7503608247
shop_4,48.7216689232
shop_4,107.87073918
shop_4,30.0
shop_6,41.195976155
shop_4,53.9334456929
shop_4,35.2767950837
shop_3,35.0857337083
shop_4,34.9988826632
shop_4,34.4550531361
shop_4,41.114807556500004
shop_4,51.3030648158
shop_3,32.2831969154
shop_6,115.074899119
shop_4,30.0
shop_4,42.0432189419
shop_6,35.0
shop_6,44.5857939049
shop_4,81.4540770493
shop_3,33.7518950534
shop_4,30.0
shop_4,38.8872033196
shop_4,30.0
shop_3,35.1152171319
shop_6,33.57354064
shop_6,30.652173913000002
shop_2,30.0
shop_3,34.737804878
shop_4,31.4529220779
shop_2,30.0
shop_4,64.0120739053
shop_2,32.7352358097
shop_6,32.802386548499996
shop_3,35.790987592600004
shop_6,79.5826518692
shop_6,95.73040023979999
shop_4,150.239832407
shop_4,35.5971990837
shop_3,34.7783340119
shop_5,32.6261918438
shop_4,31.9012967766
shop_4,76.8963063037
shop_4,33.2926551768
shop_6,31.370982223000002
shop_4,65.48738804359999
shop_3,30.9622523282
shop_3,35.4808211958
shop_4,43.885294792399996
shop_3,35.0
shop_6,32.3953033268
shop_1,30.008756712100002
shop_6,30.5882352941
shop_6,34.9288431159
shop_4,37.6174186932
shop_6,33.6740889378
shop_4,58.3992202346
shop_6,65.7228150267
shop_4,30.0
